key	on_screen_name	category	class	multiplayer_cost	multiplayer_late_cost	create_time	create_cost	upkeep_cost	campaign_action_points	voice	icon_name	info_pic	unit_description_text	region_unit_resource	total_cap	multiplayer_category	mp_available_early	mp_available_middle	mp_available_late	prestige	armed_citizenry	total_cap_mp	unit_type_icon	use_onscreen_name	unit_caste	additional_building_level_requirement	religion_requirement	resource_requirement	in_encyclopedia	unit_recruited_movie	unique_index	is_male	num_audio_VO_variations	audio_language	VO_actor_numbers	supports_first_person
#units_tables;13;db/units_tables/auh_units																																				
Art_European_Cannons	European Cannons	artillery	artillery_fixed	1200	1200	3	900	100	12	special	placeholder_artillery	placeholder	Art_European_Cannons		0	mp_siege_and_stealth	true	true	true	0	false	0	siege	false	special		rel_catholic		true	unit_artillery_cannons	1	true	4	UK	0	false
Art_European_Cannons_Hojo	Hojo Cannons	artillery	artillery_fixed	1300	1300	3	800	75	12	special	placeholder_artillery	placeholder	Art_European_Cannons		0	mp_siege_and_stealth	true	true	true	0	false	0	siege	false	special		rel_catholic		true	unit_artillery_cannons	2	true	4	UK	0	false
Art_European_Cannons_MP	European Cannons	artillery	artillery_fixed	1400	1400	1	1400	250	12	special	placeholder_artillery	placeholder	Art_European_Cannons		0	mp_siege_and_stealth	true	true	true	0	false	0	siege	false	special		rel_catholic		true	unit_artillery_cannons	3	true	4	UK	0	false
Art_Fire_Projecting_Mangonels	Fire Projecting Mangonels	artillery	artillery_fixed	1100	1100	2	800	100	12	special	placeholder_artillery	placeholder	Art_Fire_Projecting_Mangonels		0	mp_siege_and_stealth	true	true	true	0	false	0	siege	false	special				true	unit_artillery_mangonels	4	true	4	UK	0	false
Art_Fire_Projecting_Mangonels_Hojo	Hojo Fire Projecting Mangonels	artillery	artillery_fixed	1200	1200	2	700	75	12	special	placeholder_artillery	placeholder	Art_Fire_Projecting_Mangonels		0	mp_siege_and_stealth	true	true	true	0	false	0	siege	false	special				true	unit_artillery_mangonels	5	true	4	UK	0	false
Art_Fire_Projecting_Mangonels_MP	Fire Projecting Mangonels	artillery	artillery_fixed	1300	1300	2	1300	200	12	special	placeholder_artillery	placeholder	Art_Fire_Projecting_Mangonels		0	mp_siege_and_stealth	true	true	true	0	false	0	siege	false	special				true	unit_artillery_mangonels	6	true	4	UK	0	false
Art_Large_Shafted_Fire_Rockets	Fire Rockets	infantry_ranged	siege	1800	1800	2	950	150	12	special	placeholder_artillery	placeholder	Art_Fire_Rockets		0	mp_siege_and_stealth	true	true	true	0	false	0	siege	false	special				true	unit_artillery_rockets	7	true	4	UK	0	false
Art_Large_Shafted_Fire_Rockets_Hojo	Hojo Fire Rockets	infantry_ranged	siege	1900	1900	2	850	125	12	special	placeholder_artillery	placeholder	Art_Fire_Rockets		0	mp_siege_and_stealth	true	true	true	0	false	0	siege	false	special				true	unit_artillery_rockets	215	true	4	UK	0	false
Art_Large_Shafted_Fire_Rockets_MP	Fire Rockets	infantry_ranged	siege	1800	1800	1	1800	149	12	special	placeholder_artillery	placeholder	Art_Fire_Rockets		0	mp_siege_and_stealth	true	true	true	0	false	0	siege	false	special				true	unit_artillery_rockets	8	true	4	UK	0	false
Cannon_Ship_Cannon_Bune	Cannon Bune	naval_medium	naval_cannon_ship	5000	5000	2	800	200	50	ship	2deck50	2deck50	Cannon_Ship_Cannon_Bune		2	mp_naval_medium	true	true	true	0	false	1	siege	false	naval				true	ship_medium_cannon	9	true	3	UK	0	false
Cannon_Ship_Cannon_Bune_MP	Cannon Bune	naval_medium	naval_cannon_ship	6000	6000	1	6000	100	50	ship	2deck50	2deck50	Cannon_Ship_Cannon_Bune		2	mp_naval_medium	true	true	true	0	false	1	siege	false	naval				true	ship_medium_cannon	11	true	3	UK	0	false
Cannon_Ship_Cannon_Bune_Mori	Mori Cannon Bune	naval_medium	naval_cannon_ship	5200	5200	2	700	150	50	ship	2deck50	2deck50	Cannon_Ship_Cannon_Bune		2	mp_naval_medium	true	true	true	0	false	2	siege	false	naval				true	ship_medium_cannon	10	true	3	UK	0	false
Cav_Missile_Bow_Cavalry	Bow Cavalry	cavalry	cavalry_missile	650	650	2	750	200	20	cavalry	placeholder_cavalry	placeholder_cavalry	Cav_Missile_Bow_Cavalry		0	mp_cavalry	true	true	true	0	false	0	bow_cavalry	false	samurai	SHO_Archery_1_Archery_Dojo		res_sho_horses	true	unit_cavalry_bow	12	true	4	UK	0	false
Cav_Missile_Bow_Cavalry_MP	Bow Cavalry	cavalry	cavalry_missile	600	600	2	600	300	20	cavalry	placeholder_cavalry	placeholder_cavalry	Cav_Missile_Bow_Cavalry		0	mp_cavalry	true	true	true	0	false	3	bow_cavalry	false	samurai			res_sho_horses	true	unit_cavalry_bow	13	true	4	UK	0	false
Cav_Missile_Bow_Cavalry_Takeda	Takeda Bow Cavalry	cavalry	cavalry_missile	700	700	2	650	175	20	cavalry	placeholder_cavalry	placeholder_cavalry	Cav_Missile_Bow_Cavalry		0	mp_cavalry	true	true	true	0	false	0	bow_cavalry	false	samurai	SHO_Archery_1_Archery_Dojo		res_sho_horses	true	unit_cavalry_bow	14	true	4	UK	0	false
Cav_Missile_Donderbuss_Cavalry	Donderbuss Cavalry	cavalry	cavalry_missile	800	800	2	800	200	20	cavalry	placeholder_cavalry	placeholder_cavalry	Cav_Missile_Donderbuss_Cavalry		0	mp_cavalry	true	true	true	0	false	0	bow_cavalry	false	samurai	SHO_Siege_2_Powder_Maker		res_sho_horses	true		1433	true	4	UK	0	false
Cav_Missile_Donderbuss_Cavalry_MP	Donderbuss Cavalry	cavalry	cavalry_missile	800	800	2	800	200	20	cavalry	placeholder_cavalry	placeholder_cavalry	Cav_Missile_Donderbuss_Cavalry		0	mp_cavalry	true	true	true	0	false	0	bow_cavalry	false	samurai			res_sho_horses	true		1440	true	4	UK	0	false
Cav_Spear_Great_Guard	Great Guard	cavalry	cavalry_lancers	1300	1300	3	1200	300	20	cavalry	placeholder_cavalry	placeholder_cavalry	Cav_Spear_Great_Guard		2	mp_cavalry	true	true	true	0	false	2	spear_cavalry	false	samurai	SHO_Yari_2_Naginata_Dojo		res_sho_horses	true	unit_cavalry_great_guard	15	true	4	UK	0	false
Cav_Spear_Great_Guard_MP	Great Guard	cavalry	cavalry_lancers	1300	1300	3	1300	300	20	cavalry	placeholder_cavalry	placeholder_cavalry	Cav_Spear_Great_Guard		4	mp_cavalry	true	true	true	0	false	2	spear_cavalry	false	samurai			res_sho_horses	true	unit_cavalry_great_guard	16	true	4	UK	0	false
Cav_Spear_Great_Guard_Takeda	Takeda Great Guard	cavalry	cavalry_lancers	1300	1300	3	1100	250	20	cavalry	placeholder_cavalry	placeholder_cavalry	Cav_Spear_Great_Guard		4	mp_cavalry	true	true	true	0	false	2	spear_cavalry	false	samurai			res_sho_horses	false	unit_cavalry_great_guard	17	true	4	UK	0	false
Cav_Spear_Light_Cavalry	Light Cavalry	cavalry	cavalry_lancers	400	400	1	400	100	20	cavalry	placeholder_cavalry	placeholder_cavalry	Cav_Spear_Light_Cavalry		0	mp_cavalry	true	true	true	0	false	0	spear_cavalry	false	samurai				true	unit_cavalry_light	18	true	4	UK	0	false
Cav_Spear_Light_Cavalry_MP	Light Cavalry	cavalry	cavalry_lancers	400	400	1	400	100	20	cavalry	placeholder_cavalry	placeholder_cavalry	Cav_Spear_Light_Cavalry		0	mp_cavalry	true	true	true	0	false	0	spear_cavalry	false	samurai				true	unit_cavalry_light	19	true	4	UK	0	false
Cav_Spear_Light_Cavalry_Takeda	Takeda Light Cavalry	cavalry	cavalry_lancers	450	450	1	450	75	20	cavalry	placeholder_cavalry	placeholder_cavalry	Cav_Spear_Light_Cavalry		0	mp_cavalry	true	true	true	0	false	0	spear_cavalry	false	samurai				true	unit_cavalry_light	20	true	4	UK	0	false
Cav_Spear_Naginata_Warrior_Monk_Cavalry	Naginata Warrior Monk Cavalry	cavalry	cavalry_lancers	800	800	2	800	250	20	cavalry	placeholder_cavalry	placeholder_cavalry	Cav_Spear_Naginata_Warrior_Monks		0	mp_cavalry	true	true	true	0	false	0	spear_cavalry	false	special	SHO_Cavalry_2_Warhorse_Stables		res_sho_horses	true	unit_cavalry_naginata_warrior_monk_cavalry	21	true	2	UK	0	false
Cav_Spear_Naginata_Warrior_Monk_Cavalry_MP	Naginata Warrior Monk Cavalry	cavalry	cavalry_lancers	850	850	2	800	250	20	cavalry	placeholder_cavalry	placeholder_cavalry	Cav_Spear_Naginata_Warrior_Monks		0	mp_cavalry	true	true	true	0	false	3	spear_cavalry	false	special			res_sho_horses	true	unit_cavalry_naginata_warrior_monk_cavalry	233	true	2	UK	0	false
Cav_Spear_Yari_Cavalry	Yari Cavalry	cavalry	cavalry_lancers	850	850	2	800	200	20	cavalry	placeholder_cavalry	placeholder_cavalry	Cav_Spear_Yari_Cavalry		0	mp_cavalry	true	true	true	0	false	0	spear_cavalry	false	samurai	SHO_Yari_1_Drill_Yard		res_sho_horses	true	unit_cavalry_yari	22	true	4	UK	0	false
Cav_Spear_Yari_Cavalry_Dojo	Yari Dojo Cavalry	cavalry	cavalry_lancers	850	850	1	800	0	20	cavalry	placeholder_cavalry	placeholder_cavalry	Cav_Spear_Yari_Cavalry		1	mp_cavalry	false	false	false	0	true	0	spear_cavalry	false	samurai				false		23	true	4	UK	0	false
Cav_Spear_Yari_Cavalry_MP	Yari Cavalry	cavalry	cavalry_lancers	900	900	2	850	300	20	cavalry	placeholder_cavalry	placeholder_cavalry	Cav_Spear_Yari_Cavalry		0	mp_cavalry	true	true	true	0	false	0	spear_cavalry	false	samurai			res_sho_horses	true	unit_cavalry_yari	24	true	4	UK	0	false
Cav_Spear_Yari_Cavalry_Takeda	Takeda Yari Cavalry	cavalry	cavalry_lancers	900	900	2	700	175	20	cavalry	placeholder_cavalry	placeholder_cavalry	Cav_Spear_Yari_Cavalry		0	mp_cavalry	true	true	true	0	false	0	spear_cavalry	false	samurai	SHO_Yari_1_Drill_Yard		res_sho_horses	true	unit_cavalry_yari	25	true	4	UK	0	false
Cav_Sword_Katana_Cavalry	Katana Cavalry	cavalry	cavalry_sword	800	800	2	950	200	20	cavalry	placeholder_cavalry	placeholder_cavalry	Cav_Sword_Katana_Cavalry		0	mp_cavalry	true	true	true	0	false	0	sword_cavalry	false	samurai	SHO_Sword_1_Sword_School		res_sho_horses	true	unit_cavalry_katana	26	true	4	UK	0	false
Cav_Sword_Katana_Cavalry_MP	Katana Cavalry	cavalry	cavalry_sword	800	800	2	800	300	20	cavalry	placeholder_cavalry	placeholder_cavalry	Cav_Sword_Katana_Cavalry		0	mp_cavalry	true	true	true	0	false	0	sword_cavalry	false	samurai			res_sho_horses	true	unit_cavalry_katana	27	true	4	UK	0	false
Cav_Sword_Katana_Cavalry_Takeda	Takeda Katana Cavalry	cavalry	cavalry_sword	850	850	2	850	175	20	cavalry	placeholder_cavalry	placeholder_cavalry	Cav_Sword_Katana_Cavalry		0	mp_cavalry	true	true	true	0	false	0	sword_cavalry	false	samurai	SHO_Sword_1_Sword_School		res_sho_horses	true	unit_cavalry_katana	28	true	4	UK	0	false
Cinematic_Advisor_Shogun	CINEMATIC UNIT Advisors and Shogun	infantry_melee	infantry_sword	850	850	1	850	300	15	placeholder	placeholder	placeholder	Placeholder		0	mp_sword	false	false	false	0	false	0	sword_infantry	false	samurai				false		29	true	4	UK	0	false
Cinematic_Agents	CINEMATIC UNIT Agents	infantry_melee	infantry_sword	850	850	1	850	300	15	placeholder	placeholder	placeholder	Placeholder		0	mp_sword	false	false	false	0	false	0	sword_infantry	false	samurai				false		30	true	4	UK	0	false
Cinematic_Damsels	CINEMATIC UNIT Damsels	infantry_melee	infantry_sword	850	850	1	850	300	15	placeholder	placeholder	placeholder	Placeholder		0	mp_sword	false	false	false	0	false	0	sword_infantry	false	samurai				false		603	true	4	UK	0	false
Cinematic_European_Sailors	CINEMATIC UNIT European Sailors	infantry_melee	infantry_sword	850	850	1	850	300	15	placeholder	placeholder	placeholder	Placeholder		0	mp_sword	false	false	false	0	false	0	sword_infantry	false	samurai				false		31	true	4	UK	0	false
Cinematic_Farmers	CINEMATIC UNIT Farmers	infantry_melee	infantry_sword	850	850	1	850	300	15	placeholder	placeholder	placeholder	Placeholder		0	mp_sword	false	false	false	0	false	0	sword_infantry	false	samurai				false		32	true	4	UK	0	false
Cinematic_Farmers_2	CINEMATIC UNIT Farmers 2	infantry_melee	infantry_sword	850	850	1	850	300	15	placeholder	placeholder	placeholder	Placeholder		0	mp_sword	false	false	false	0	false	0	sword_infantry	false	samurai				false		33	true	4	UK	0	false
Cinematic_Farmers_Blue	CINEMATIC UNIT Farmers blue	infantry_melee	infantry_sword	850	850	1	850	300	15	placeholder	placeholder	placeholder	Placeholder		0	mp_sword	false	false	false	0	false	0	sword_infantry	false	samurai				false		243	true	4	UK	0	false
Cinematic_Farmers_Green	CINEMATIC UNIT Farmers green	infantry_melee	infantry_sword	850	850	1	850	300	15	placeholder	placeholder	placeholder	Placeholder		0	mp_sword	false	false	false	0	false	0	sword_infantry	false	samurai				false		234	true	4	UK	0	false
Cinematic_Farmers_No_Hats	CINEMATIC UNIT Farmers no hats	infantry_melee	infantry_sword	850	850	1	850	300	15	placeholder	placeholder	placeholder	Placeholder		0	mp_sword	false	false	false	0	false	0	sword_infantry	false	samurai				false		1248	true	4	UK	0	false
Cinematic_Farmers_Red	CINEMATIC UNIT Farmers red	infantry_melee	infantry_sword	850	850	1	850	300	15	placeholder	placeholder	placeholder	Placeholder		0	mp_sword	false	false	false	0	false	0	sword_infantry	false	samurai				false		242	true	4	UK	0	false
Cinematic_Jogger	CINEMATIC UNIT Jogger	infantry_melee	infantry_sword	850	850	1	850	250	15	placeholder	placeholder	placeholder	Placeholder		0	mp_sword	false	false	false	0	false	0	sword_infantry	false	samurai				false		34	true	4	UK	0	false
Cinematic_No_Helmet_Generals	CINEMATIC UNIT No Helmet Generals	infantry_melee	infantry_sword	850	850	1	850	300	15	placeholder	placeholder	placeholder	Placeholder		0	mp_sword	false	false	false	0	false	0	siege	false	samurai				false		35	true	4	UK	0	false
Galleon_Caravel	Nanban Trade Ship	naval_heavy	naval_galleon	4000	4000	3	1500	250	65	ship	merchant64	merchant64	Galleon_Nanban_Trade_Ship		0	mp_naval_heavy	false	false	false	0	false	0	siege	false	naval		rel_catholic		true		36	true	3	UK	0	false
Galleon_Caravel_Mori	Mori Nanban Trade Ship	naval_heavy	naval_galleon	4200	4200	3	1200	200	40	ship	merchant64	merchant64	Galleon_Nanban_Trade_Ship		0	mp_naval_heavy	false	false	false	0	false	0	siege	false	naval		rel_catholic		true		37	true	3	UK	0	false
Galleon_The_Black_Ship	The Black Ship	naval_heavy	naval_galleon	5000	5000	10	4500	1200	65	ship	3deck80	3deck80	Galleon_Black_Ship		0	mp_naval_heavy	false	false	false	0	false	0	siege	false	naval		rel_catholic		true		38	true	3	UK	0	false
Gen_Ashikaga_Haruuji	Ashikaga Haruuji	cavalry	general	300	300	1	300	100	20	general	placeholder_cavalry	placeholder_cavalry	Gen_Taisho		0	mp_cavalry	true	true	true	0	false	0	sword_cavalry	false	samurai				false		39	true	4	UK	0	false
Gen_Chosokabe_Motochika	Chosokabe Motochika	cavalry	general	500	500	1	300	100	20	general	placeholder_cavalry	placeholder_cavalry	Gen_Taisho		0	mp_cavalry	true	true	true	0	false	0	sword_cavalry	false	samurai				false		40	true	4	UK	0	false
Gen_Date_Masamune	Date Masamune	cavalry	general	850	850	1	300	100	20	general	placeholder_cavalry	placeholder_cavalry	Gen_Taisho		0	mp_cavalry	true	true	true	0	false	0	sword_cavalry	false	samurai				false		41	true	4	UK	0	false
Gen_Hattori_Hanzo	Hattori Hanzo	cavalry	general	725	725	1	300	100	20	general	placeholder_cavalry	placeholder_cavalry	Gen_Taisho		0	mp_cavalry	true	true	true	0	false	0	sword_cavalry	false	samurai				false		42	true	4	UK	0	false
Gen_Heavy_Bune_MP	Admiral Heavy Bune	naval_heavy	naval_admiral	0	0	1	0	150	35	ship	2deck50	2deck50	Heavy_Ship_Heavy_Bune		0	mp_naval_heavy	true	true	true	0	false	0	sword_infantry	false	naval				true		43	true	3	UK	0	false
Gen_Hojo_Tsunanari	Hojo Tsunanari	cavalry	general	300	300	1	300	100	20	general	placeholder_cavalry	placeholder_cavalry	Gen_Taisho		0	mp_cavalry	true	true	true	0	false	0	sword_cavalry	false	samurai				false		44	true	4	UK	0	false
Gen_Hojo_Ujiyasu	Hojo Ujiyasu	cavalry	general	600	600	1	300	100	20	general	placeholder_cavalry	placeholder_cavalry	Gen_Taisho		0	mp_cavalry	true	true	true	0	false	0	sword_cavalry	false	samurai				false		45	true	4	UK	0	false
Gen_Imagawa_Ujichika	Imagawa Ujichika	cavalry	general	300	300	1	300	100	20	general	placeholder_cavalry	placeholder_cavalry	Gen_Taisho		0	mp_cavalry	true	true	true	0	false	0	sword_cavalry	false	samurai				false		46	true	4	UK	0	false
Gen_Imagawa_Yoshimoto	Imagawa Yoshimoto	cavalry	general	300	300	1	300	100	20	general	placeholder_cavalry	placeholder_cavalry	Gen_Taisho		0	mp_cavalry	true	true	true	0	false	0	sword_cavalry	false	samurai				false		47	true	4	UK	0	false
Gen_Ishida_Mitsunari	Ishida Mitsunari	cavalry	general	300	300	1	300	100	20	general	placeholder_cavalry	placeholder_cavalry	Gen_Taisho		0	mp_cavalry	true	true	true	0	false	0	sword_cavalry	false	samurai				false		48	true	4	UK	0	false
Gen_Kobayakawa_Hideaki	Kobayakawa Hideaki	cavalry	general	300	300	1	300	100	20	general	placeholder_cavalry	placeholder_cavalry	Gen_Taisho		0	mp_cavalry	true	true	true	0	false	0	sword_cavalry	false	samurai				false		49	true	4	UK	0	false
Gen_Mori_Motonari	Mori Motonari	cavalry	general	600	600	1	300	100	20	general	placeholder_cavalry	placeholder_cavalry	Gen_Taisho		0	mp_cavalry	true	true	true	0	false	0	sword_cavalry	false	samurai				false		50	true	4	UK	0	false
Gen_Oda_Nobunaga	Oda Nobunaga	cavalry	general	1200	1200	1	300	100	20	general	placeholder_cavalry	placeholder_cavalry	Gen_Taisho		0	mp_cavalry	true	true	true	0	false	0	sword_cavalry	false	samurai				false		51	true	4	UK	0	false
Gen_Ogigayatsu_Tomosada	Ogigayatsu Tomosada	cavalry	general	300	300	1	300	100	20	general	placeholder_cavalry	placeholder_cavalry	Gen_Taisho		0	mp_cavalry	true	true	true	0	false	0	sword_cavalry	false	samurai				false		52	true	4	UK	0	false
Gen_Otomo_Sorin	Otomo Sorin	cavalry	general	600	600	1	300	100	20	general	placeholder_cavalry	placeholder_cavalry	Gen_Taisho		0	mp_cavalry	true	true	true	0	false	0	sword_cavalry	false	samurai				false		1463	true	4	UK	0	false
Gen_Shimazu_Yoshihiro	Shimazu Yoshihiro	cavalry	general	725	725	1	300	100	20	general	placeholder_cavalry	placeholder_cavalry	Gen_Taisho		0	mp_cavalry	true	true	true	0	false	0	sword_cavalry	false	samurai				false		53	true	4	UK	0	false
Gen_Shimotsuma_Nakayuki	Shimotsuma Nakayuki	cavalry	general	600	600	1	300	100	20	general	placeholder_cavalry	placeholder_cavalry	Gen_Taisho		0	mp_cavalry	true	true	true	0	false	0	sword_cavalry	false	samurai				false		54	true	4	UK	0	false
Gen_Taisho	General	cavalry	general	300	300	1	300	100	20	general	placeholder_cavalry	placeholder_cavalry	Gen_Taisho		0	mp_cavalry	true	true	true	0	false	0	sword_cavalry	false	samurai				true		55	true	4	UK	0	false
Gen_Taisho_Bow_MP	Avatar's Bodyguard	cavalry	general	0	0	1	0	100	20	general	placeholder_cavalry	placeholder_cavalry	Gen_Taisho		0	mp_cavalry	true	true	true	0	false	0	sword_cavalry	false	samurai				false		56	true	4	UK	0	false
Gen_Taisho_Mp	Avatar's Bodyguard	cavalry	general	0	0	1	0	100	20	general	placeholder_cavalry	placeholder_cavalry	Gen_Taisho		0	mp_cavalry	true	true	true	0	false	0	sword_cavalry	false	samurai				true		57	true	4	UK	0	false
Gen_Takeda_Katsuyori	Takeda Katsuyori	cavalry	general	300	300	1	300	100	20	general	placeholder_cavalry	placeholder_cavalry	Gen_Taisho		0	mp_cavalry	true	true	true	0	false	0	sword_cavalry	false	samurai				false		58	true	4	UK	0	false
Gen_Takeda_Nobukado	Takeda Nobukado	cavalry	general	300	300	1	300	100	20	general	placeholder_cavalry	placeholder_cavalry	Gen_Taisho		0	mp_cavalry	true	true	true	0	false	0	sword_cavalry	false	samurai				false		59	true	4	UK	0	false
Gen_Takeda_Shingen	Takeda Shingen	cavalry	general	1125	1125	1	300	100	20	general	placeholder_cavalry	placeholder_cavalry	Gen_Taisho		0	mp_cavalry	true	true	true	0	false	0	sword_cavalry	false	samurai				false		60	true	4	UK	0	false
Gen_Tokugawa_Ieyasu	Tokugawa Ieyasu	cavalry	general	1200	1200	1	300	100	20	general	placeholder_cavalry	placeholder_cavalry	Gen_Taisho		0	mp_cavalry	true	true	true	0	false	0	sword_cavalry	false	samurai				false		61	true	4	UK	0	false
Gen_Uesugi_Kenshin	Uesugi Kenshin	cavalry	general	1125	1125	1	300	100	20	general	placeholder_cavalry	placeholder_cavalry	Gen_Taisho		0	mp_cavalry	true	true	true	0	false	0	sword_cavalry	false	samurai				false		62	true	4	UK	0	false
Gen_Uesugi_Norimasa	Uesugi Norimasa	cavalry	general	300	300	1	300	100	20	general	placeholder_cavalry	placeholder_cavalry	Gen_Taisho		0	mp_cavalry	true	true	true	0	false	0	sword_cavalry	false	samurai				false		63	true	4	UK	0	false
Heavy_Ship_Heavy_Bune	Heavy Bune	naval_heavy	naval_heavy_ship	2000	2000	3	600	175	50	ship	2deck50	2deck50	Heavy_Ship_Heavy_Bune		0	mp_naval_heavy	true	true	true	0	false	0	sword_infantry	false	naval				true	ship_heavy_heavy	64	true	3	UK	0	false
Heavy_Ship_Heavy_Bune_MP	Heavy Bune	naval_heavy	naval_heavy_ship	2000	2000	3	2000	175	50	ship	2deck50	2deck50	Heavy_Ship_Heavy_Bune		0	mp_naval_heavy	true	true	true	0	false	6	sword_infantry	false	naval				true	ship_heavy_heavy	66	true	3	UK	0	false
Heavy_Ship_Heavy_Bune_Mori	Mori Heavy Bune	naval_heavy	naval_heavy_ship	2200	2200	3	500	100	50	ship	2deck50	2deck50	Heavy_Ship_Heavy_Bune		0	mp_naval_heavy	true	true	true	0	false	0	sword_infantry	false	naval				true	ship_heavy_heavy	65	true	3	UK	0	false
Heavy_Ship_Nihon_Maru	Nihon Maru	naval_heavy	naval_heavy_ship	5000	5000	4	900	350	50	ship	2deck50	2deck50	Heavy_Ship_Nihon_Maru		1	mp_naval_heavy	true	true	true	0	false	1	sword_infantry	false	naval				true	ship_heavy_nihon	67	true	3	UK	0	false
Heavy_Ship_Nihon_Maru_MP	Nihon Maru	naval_heavy	naval_heavy_ship	5000	5000	1	5000	100	50	ship	2deck50	2deck50	Heavy_Ship_Nihon_Maru		1	mp_naval_heavy	true	true	true	0	false	1	sword_infantry	false	naval				true	ship_heavy_nihon	69	true	3	UK	0	false
Heavy_Ship_Nihon_Maru_Mori	Mori Nihon Maru	naval_heavy	naval_heavy_ship	5200	5200	4	800	250	50	ship	2deck50	2deck50	Heavy_Ship_Nihon_Maru		1	mp_naval_heavy	true	true	true	0	false	1	sword_infantry	false	naval				false	ship_heavy_nihon	68	true	3	UK	0	false
Heavy_Ship_O_Ataka_Bune	O Ataka Bune	naval_heavy	naval_heavy_ship	3200	3200	3	800	275	50	ship	2deck50	2deck50	Heavy_Ship_O_Ataka_Bune		4	mp_naval_heavy	true	true	true	0	false	4	sword_infantry	false	naval				true	ship_heavy_oataka	70	true	3	UK	0	false
Heavy_Ship_O_Ataka_Bune_Kizugawa	O Ataka Bune	naval_heavy	naval_heavy_ship	3200	3200	1	800	275	50	ship	2deck50	2deck50	Heavy_Ship_O_Ataka_Bune		4	mp_naval_heavy	true	true	true	0	false	4	sword_infantry	false	naval				false	ship_heavy_oataka	71	true	3	UK	0	false
Heavy_Ship_O_Ataka_Bune_MP	O Ataka Bune	naval_heavy	naval_heavy_ship	3200	3200	1	3200	100	50	ship	2deck50	2deck50	Heavy_Ship_O_Ataka_Bune		4	mp_naval_heavy	true	true	true	0	false	4	sword_infantry	false	naval				true	ship_heavy_oataka	73	true	3	UK	0	false
Heavy_Ship_O_Ataka_Bune_Mori	Mori O Ataka Bune	naval_heavy	naval_heavy_ship	3300	3300	3	700	200	50	ship	2deck50	2deck50	Heavy_Ship_O_Ataka_Bune		4	mp_naval_heavy	true	true	true	0	false	4	sword_infantry	false	naval				true	ship_heavy_oataka	72	true	3	UK	0	false
Inf_Heavy_Naginata_Samurai	Naginata Samurai	infantry_melee	infantry_heavy	750	750	2	750	150	15	infantry_naginata_samurai	placeholder	placeholder	Inf_Heavy_Naginata_Samurai		0	mp_spear	true	true	true	0	false	0	spear_infantry	false	samurai				true	unit_samurai_naginata	74	true	4	UK	0	false
Inf_Heavy_Naginata_Samurai_Hattori	Hattori Naginata Samurai	infantry_melee	infantry_heavy	800	800	2	750	200	15	infantry_naginata_samurai	placeholder	placeholder	Inf_Heavy_Naginata_Samurai		0	mp_spear	true	true	true	0	false	0	spear_infantry	false	samurai				true	unit_samurai_naginata	75	true	4	UK	0	false
Inf_Heavy_Naginata_Samurai_MP	Naginata Samurai	infantry_melee	infantry_heavy	800	800	2	750	150	15	infantry_naginata_samurai	placeholder	placeholder	Inf_Heavy_Naginata_Samurai		0	mp_spear	true	true	true	0	false	0	spear_infantry	false	samurai				true	unit_samurai_naginata	76	true	4	UK	0	false
Inf_Heavy_Naginata_Warrior_Monk_Hero	Naginata Warrior Monk Hero	infantry_melee	infantry_heavy	1300	1300	2	1700	200	15	infantry_hero	placeholder	placeholder	Inf_Heavy_Naginata_Warrior_Monk_Hero		1	mp_spear	true	true	true	0	false	1	spear_infantry	false	special	SHO_Yari_2_Naginata_Dojo	rel_buddhist		true	hero_naginata_monk	77	true	2	UK	0	false
Inf_Heavy_Naginata_Warrior_Monk_Hero_Ikko_Ikki	Ikko Ikki Naginata Warrior Monk Hero	infantry_melee	infantry_heavy	1400	1400	2	1700	200	15	infantry_hero	placeholder	placeholder	Inf_Heavy_Naginata_Warrior_Monk_Hero		1	mp_spear	true	true	true	0	false	1	spear_infantry	false	special	SHO_Yari_2_Naginata_Dojo	rel_ikko		true	hero_ikko_ikki_naginata_warrior_monk	78	true	2	UK	0	false
Inf_Heavy_Naginata_Warrior_Monk_Hero_MP	Naginata Warrior Monk Hero	infantry_melee	infantry_heavy	1300	1300	2	1500	200	15	infantry_hero	placeholder	placeholder	Inf_Heavy_Naginata_Warrior_Monk_Hero		1	mp_spear	true	true	true	0	false	1	spear_infantry	false	special		rel_buddhist		true	hero_naginata_monk	79	true	2	UK	0	false
Inf_Heavy_Naginata_Warrior_Monk_Hero_Uesugi	Uesugi Naginata Warrior Monk Hero	infantry_melee	infantry_heavy	1400	1400	2	1650	175	15	infantry_hero	placeholder	placeholder	Inf_Heavy_Naginata_Warrior_Monk_Hero		1	mp_spear	true	true	true	0	false	1	spear_infantry	false	special	SHO_Yari_2_Naginata_Dojo	rel_buddhist		true	hero_naginata_monk	80	true	2	UK	0	false
Inf_Heavy_Naginata_Warrior_Monks	Naginata Warrior Monks	infantry_melee	infantry_heavy	900	900	2	900	200	15	monk	placeholder	placeholder	Inf_Heavy_Naginata_Warrior_Monks		0	mp_spear	true	true	true	0	false	0	spear_infantry	false	special	SHO_Yari_2_Naginata_Dojo	rel_buddhist		true	unit_monk_naginata	81	true	2	UK	0	false
Inf_Heavy_Naginata_Warrior_Monks_Citizenry	Ikko Ikki Naginata Warrior Monks Garrison	infantry_melee	infantry_heavy	900	900	2	900	0	15	monk	placeholder	placeholder	Inf_Heavy_Naginata_Warrior_Monks		0	mp_spear	false	false	false	0	true	0	spear_infantry	false	special		rel_ikko		true	unit_monk_naginata	82	true	2	UK	0	false
Inf_Heavy_Naginata_Warrior_Monks_Ikko_Ikki	Ikko Ikki Naginata Warrior Monks	infantry_melee	infantry_heavy	900	900	2	900	200	15	monk	placeholder	placeholder	Inf_Heavy_Naginata_Warrior_Monks		0	mp_spear	true	true	true	0	false	0	spear_infantry	false	special	SHO_Yari_2_Naginata_Dojo	rel_ikko		true	unit_monk_naginata	83	true	2	UK	0	false
Inf_Heavy_Naginata_Warrior_Monks_MP	Naginata Warrior Monks	infantry_melee	infantry_heavy	900	900	2	900	200	15	monk	placeholder	placeholder	Inf_Heavy_Naginata_Warrior_Monks		0	mp_spear	true	true	true	0	false	0	spear_infantry	false	special		rel_buddhist		true	unit_monk_naginata	84	true	2	UK	0	false
Inf_Heavy_Naginata_Warrior_Monks_Uesugi	Uesugi Warrior Monks	infantry_melee	infantry_heavy	950	950	2	800	175	15	monk	placeholder	placeholder	Inf_Heavy_Naginata_Warrior_Monks		0	mp_spear	true	true	true	0	false	0	spear_infantry	false	special	SHO_Yari_2_Naginata_Dojo	rel_buddhist		true	unit_monk_naginata	85	true	2	UK	0	false
Inf_Heavy_Onna_Bushi	Onna Bushi	infantry_melee	infantry_heavy	900	900	1	900	0	20	lady_hero	placeholder_cavalry	placeholder_cavalry	Inf_Heavy_Onna_Bushi		1	mp_sword	false	false	false	0	true	0	spear_infantry	false	samurai		rel_buddhist		true		86	false	2	UK	0	false
Inf_Heavy_Warrior_Nuns	Warrior Nuns	infantry_melee	infantry_heavy	900	900	2	900	200	20	warrior_nuns	placeholder_cavalry	placeholder_cavalry	Inf_Heavy_Warrior_Nuns		4	mp_spear	true	true	true	0	false	1	spear_infantry	false	samurai		rel_buddhist		true	unit_warrior_nuns	221	false	3	UK	0	false
Inf_Heavy_Warrior_Nuns_MP	Warrior Nuns	infantry_melee	infantry_heavy	800	800	2	900	200	20	warrior_nuns	placeholder_cavalry	placeholder_cavalry	Inf_Heavy_Warrior_Nuns		0	mp_spear	true	true	true	0	false	0	spear_infantry	false	samurai		rel_buddhist		true	unit_warrior_nuns	226	false	3	UK	0	false
Inf_Missile_Bow_Ashigaru	Bow Ashigaru	infantry_ranged	infantry_bow	500	500	1	350	75	15	infantry_bow_ashigaru	placeholder	placeholder	Inf_Missile_Bow_Ashigaru		0	mp_bow	true	true	true	0	false	0	bow_infantry	false	ashigaru				true	unit_ashigaru_bow	87	true	4	UK	0	false
Inf_Missile_Bow_Ashigaru_Chosokabe	Chosokabe Bow Ashigaru	infantry_ranged	infantry_bow	550	550	1	300	70	15	infantry_bow_ashigaru	placeholder	placeholder	Inf_Missile_Bow_Ashigaru		0	mp_bow	true	true	true	0	false	0	bow_infantry	false	ashigaru				true	unit_ashigaru_bow	88	true	4	UK	0	false
Inf_Missile_Bow_Ashigaru_Citizenry	Bow Ashigaru Garrison	infantry_ranged	infantry_bow	500	500	1	400	0	15	infantry_bow_ashigaru	placeholder	placeholder	Inf_Missile_Bow_Ashigaru		0	mp_bow	false	false	false	0	true	0	bow_infantry	false	ashigaru				true		89	true	4	UK	0	false
Inf_Missile_Bow_Ashigaru_Hattori	Hattori Bow Ashigaru	infantry_ranged	infantry_bow	550	550	1	400	100	15	infantry_bow_ashigaru	placeholder	placeholder	Inf_Missile_Bow_Ashigaru		0	mp_bow	true	true	true	0	false	0	bow_infantry	false	ashigaru				true	unit_ashigaru_bow	90	true	4	UK	0	false
Inf_Missile_Bow_Ashigaru_Ikko_Ikki	Ikko Ikki Bow Ashigaru	infantry_ranged	infantry_bow	600	600	1	350	100	15	infantry_bow_ashigaru	placeholder	placeholder	Inf_Missile_Bow_Ashigaru		0	mp_bow	true	true	true	0	false	0	bow_infantry	false	ashigaru		rel_ikko		true	unit_ashigaru_bow	91	true	4	UK	0	false
Inf_Missile_Bow_Ashigaru_MP	Bow Ashigaru	infantry_ranged	infantry_bow	400	400	1	500	80	15	infantry_bow_ashigaru	placeholder	placeholder	Inf_Missile_Bow_Ashigaru		0	mp_bow	true	true	true	0	false	0	bow_infantry	false	ashigaru				true	unit_ashigaru_bow	92	true	4	UK	0	false
Inf_Missile_Bow_Ashigaru_Oda	Oda Bow Ashigaru	infantry_ranged	infantry_bow	550	550	1	300	55	15	infantry_bow_ashigaru	placeholder	placeholder	Inf_Missile_Bow_Ashigaru		0	mp_bow	true	true	true	0	false	0	bow_infantry	false	ashigaru				true	unit_ashigaru_bow	93	true	4	UK	0	false
Inf_Missile_Bow_Ashigaru_Tutorial	Bow Ashigaru	infantry_ranged	infantry_bow	500	500	1	400	80	15	infantry_bow_ashigaru	placeholder	placeholder	Inf_Missile_Bow_Ashigaru		3	mp_bow	false	false	false	0	false	0	bow_infantry	false	ashigaru				false	unit_ashigaru_bow	94	true	4	UK	0	false
Inf_Missile_Bow_Ashigaru_Tutorial_No_Cap	Bow Ashigaru	infantry_ranged	infantry_bow	500	500	1	400	80	15	infantry_bow_ashigaru	placeholder	placeholder	Inf_Missile_Bow_Ashigaru		0	mp_bow	false	false	false	0	false	0	bow_infantry	false	ashigaru				false	unit_ashigaru_bow	196	true	4	UK	0	false
Inf_Missile_Bow_Hero	Bow Hero	infantry_ranged	infantry_bow	1250	1250	3	1650	250	15	infantry_hero	placeholder	placeholder	Inf_Missile_Bow_Hero		1	mp_bow	true	true	true	0	false	1	bow_infantry	false	samurai				true	hero_bow	95	true	4	UK	0	false
Inf_Missile_Bow_Hero_Chosokabe	Chosokabe Bow Hero	infantry_ranged	infantry_bow	1350	1350	3	1550	200	15	infantry_hero	placeholder	placeholder	Inf_Missile_Bow_Hero		1	mp_bow	true	true	true	0	false	1	bow_infantry	false	samurai				true	hero_bow	96	true	4	UK	0	false
Inf_Missile_Bow_Hero_MP	Bow Hero	infantry_ranged	infantry_bow	1250	1250	1	1500	250	15	infantry_hero	placeholder	placeholder	Inf_Missile_Bow_Hero		1	mp_bow	true	true	true	0	false	1	bow_infantry	false	samurai				true	hero_bow	97	true	4	UK	0	false
Inf_Missile_Bow_Ronin	Bow Ronin	infantry_ranged	infantry_bow	800	800	2	800	150	15	infantry_bow_samurai	placeholder	placeholder	Inf_Missile_Bow_Samurai		0	mp_bow	true	true	true	0	false	0	bow_infantry	false	samurai				true		252	true	4	UK	0	false
Inf_Missile_Bow_Samurai	Bow Samurai	infantry_ranged	infantry_bow	750	750	2	750	150	15	infantry_bow_samurai	placeholder	placeholder	Inf_Missile_Bow_Samurai		0	mp_bow	true	true	true	0	false	0	bow_infantry	false	samurai				true	unit_samurai_bow	98	true	4	UK	0	false
Inf_Missile_Bow_Samurai_Chosokabe	Chosokabe Bow Samurai	infantry_ranged	infantry_bow	800	800	2	600	125	15	infantry_bow_samurai	placeholder	placeholder	Inf_Missile_Bow_Samurai		0	mp_bow	true	true	true	0	false	0	bow_infantry	false	samurai				true	unit_samurai_bow	99	true	4	UK	0	false
Inf_Missile_Bow_Samurai_Dojo	Bow Dojo Samurai	infantry_ranged	infantry_bow	750	750	1	750	0	15	infantry_bow_samurai	placeholder	placeholder	Inf_Missile_Bow_Samurai		1	mp_bow	false	false	false	0	true	0	bow_infantry	false	samurai				false		100	true	4	UK	0	false
Inf_Missile_Bow_Samurai_Hattori	Hattori Bow Samurai	infantry_ranged	infantry_bow	800	800	2	750	200	15	infantry_bow_samurai	placeholder	placeholder	Inf_Missile_Bow_Samurai		0	mp_bow	true	true	true	0	false	0	bow_infantry	false	samurai				true	unit_samurai_bow	101	true	4	UK	0	false
Inf_Missile_Bow_Samurai_MP	Bow Samurai	infantry_ranged	infantry_bow	700	700	1	750	175	15	infantry_bow_samurai	placeholder	placeholder	Inf_Missile_Bow_Samurai		0	mp_bow	true	true	true	0	false	0	bow_infantry	false	samurai				true	unit_samurai_bow	102	true	4	UK	0	false
Inf_Missile_Bow_Wako	Bow Wako	infantry_ranged	infantry_bow	350	350	1	350	300	15	infantry_generic	placeholder	placeholder	Inf_Missile_Bow_Wako		0	mp_bow	true	true	true	0	false	0	bow_infantry	false	samurai				false		103	true	4	UK	0	false
Inf_Missile_Bow_Warrior_Monks	Bow Warrior Monks	infantry_ranged	infantry_bow	1100	1100	2	1000	220	15	monk	placeholder	placeholder	Inf_Missile_Bow_Warrior_Monks		0	mp_bow	true	true	true	0	false	0	bow_infantry	false	special	SHO_Archery_2_Foot_Archery	rel_buddhist		true	unit_monk_bow	104	true	2	UK	0	false
Inf_Missile_Bow_Warrior_Monks_Chosokabe	Chosokabe Bow Warrior Monks	infantry_ranged	infantry_bow	1050	1050	2	950	200	15	monk	placeholder	placeholder	Inf_Missile_Bow_Warrior_Monks		0	mp_bow	true	true	true	0	false	0	bow_infantry	false	special	SHO_Archery_2_Foot_Archery	rel_buddhist		true	unit_monk_bow	105	true	2	UK	0	false
Inf_Missile_Bow_Warrior_Monks_Ikko_Ikki	Ikko Ikki Bow Warrior Monks	infantry_ranged	infantry_bow	1000	1000	2	1000	220	15	monk	placeholder	placeholder	Inf_Missile_Bow_Warrior_Monks		0	mp_bow	true	true	true	0	false	0	bow_infantry	false	special	SHO_Archery_1_Archery_Dojo	rel_ikko		true	unit_monk_bow	106	true	2	UK	0	false
Inf_Missile_Bow_Warrior_Monks_MP	Bow Warrior Monks	infantry_ranged	infantry_bow	1100	1100	1	1100	200	15	monk	placeholder	placeholder	Inf_Missile_Bow_Warrior_Monks		0	mp_bow	true	true	true	0	false	2	bow_infantry	false	special		rel_buddhist		true	unit_monk_bow	107	true	2	UK	0	false
Inf_Missile_Bow_Warrior_Monks_Uesugi	Uesugi Bow Warrior Monks	infantry_ranged	infantry_bow	1050	1050	2	950	200	15	monk	placeholder	placeholder	Inf_Missile_Bow_Warrior_Monks		0	mp_bow	true	true	true	0	false	0	bow_infantry	false	special	SHO_Archery_2_Foot_Archery	rel_buddhist		true	unit_monk_bow	108	true	2	UK	0	false
Inf_Missile_Imported_Matchlock_Ashigaru	Imported Matchlock Ashigaru	infantry_ranged	infantry_matchlock	450	450	4	450	125	15	infantry_matchlock_ashigaru	placeholder	placeholder	Inf_Missile_Matchlock_Ashigaru		0	mp_gun	false	false	false	0	false	0	gun_infantry	false	ashigaru				true		109	true	4	UK	0	false
Inf_Missile_Matchlock_Ashigaru	Matchlock Ashigaru	infantry_ranged	infantry_matchlock	400	400	1	300	100	15	infantry_matchlock_ashigaru	placeholder	placeholder	Inf_Missile_Matchlock_Ashigaru		0	mp_gun	true	true	true	0	false	0	gun_infantry	false	ashigaru				true	unit_ashigaru_matchlock	110	true	4	UK	0	false
Inf_Missile_Matchlock_Ashigaru_Hattori	Hattori Matchlock Ashigaru	infantry_ranged	infantry_matchlock	450	450	1	300	100	15	infantry_matchlock_ashigaru	placeholder	placeholder	Inf_Missile_Matchlock_Ashigaru		0	mp_gun	true	true	true	0	false	0	gun_infantry	false	ashigaru				true	unit_ashigaru_matchlock	111	true	4	UK	0	false
Inf_Missile_Matchlock_Ashigaru_Ikko_Ikki	Ikko Ikki Matchlock Ashigaru	infantry_ranged	infantry_matchlock	500	500	1	300	100	15	infantry_matchlock_ashigaru	placeholder	placeholder	Inf_Missile_Matchlock_Ashigaru		0	mp_gun	true	true	true	0	false	0	gun_infantry	false	ashigaru		rel_ikko		true	unit_ashigaru_matchlock	112	true	4	UK	0	false
Inf_Missile_Matchlock_Ashigaru_MP	Matchlock Ashigaru	infantry_ranged	infantry_matchlock	450	450	1	500	50	15	infantry_matchlock_ashigaru	placeholder	placeholder	Inf_Missile_Matchlock_Ashigaru		0	mp_gun	true	true	true	0	false	3	gun_infantry	false	ashigaru				true	unit_ashigaru_matchlock	113	true	4	UK	0	false
Inf_Missile_Matchlock_Ashigaru_Oda	Oda Matchlock Ashigaru	infantry_ranged	infantry_matchlock	450	450	1	250	75	15	infantry_matchlock_ashigaru	placeholder	placeholder	Inf_Missile_Matchlock_Ashigaru		0	mp_gun	true	true	true	0	false	0	gun_infantry	false	ashigaru				true	unit_ashigaru_matchlock	114	true	4	UK	0	false
Inf_Missile_Matchlock_Ashigaru_Otomo	Otomo Matchlock Ashigaru	infantry_ranged	infantry_matchlock	500	500	1	250	100	15	infantry_matchlock_ashigaru	placeholder	placeholder	Inf_Missile_Matchlock_Ashigaru_Otomo		0	mp_gun	true	true	true	0	false	0	gun_infantry	false	ashigaru				true	unit_ashigaru_matchlock	1410	true	4	UK	0	false
Inf_Missile_Matchlock_Samurai	Matchlock Samurai	infantry_ranged	infantry_matchlock	700	700	2	700	150	15	infantry_matchlock_samurai	placeholder	placeholder	Inf_Missile_Matchlock_Samurai		0	mp_gun	true	true	true	0	false	0	gun_infantry	false	samurai				true	unit_samurai_matchlock	115	true	4	UK	0	false
Inf_Missile_Matchlock_Samurai_Hattori	Hattori Matchlock Samurai	infantry_ranged	infantry_matchlock	750	750	2	700	200	15	infantry_matchlock_samurai	placeholder	placeholder	Inf_Missile_Matchlock_Samurai		0	mp_gun	true	true	true	0	false	0	gun_infantry	false	samurai				true	unit_samurai_matchlock	116	true	4	UK	0	false
Inf_Missile_Matchlock_Samurai_MP	Matchlock Samurai	infantry_ranged	infantry_matchlock	600	600	2	650	150	15	infantry_matchlock_samurai	placeholder	placeholder	Inf_Missile_Matchlock_Samurai		0	mp_gun	true	true	true	0	false	2	gun_infantry	false	samurai				true	unit_samurai_matchlock	117	true	4	UK	0	false
Inf_Missile_Matchlock_Samurai_Otomo	Otomo Matchlock Samurai	infantry_ranged	infantry_matchlock	800	800	2	600	150	15	infantry_matchlock_samurai	placeholder	placeholder	Inf_Missile_Matchlock_Samurai_Otomo		0	mp_gun	true	true	true	0	false	0	gun_infantry	false	samurai				true	unit_samurai_matchlock	1415	true	4	UK	0	false
Inf_Missile_Matchlock_Warrior_Monks	Ikko Ikki Matchlock Warrior Monks	infantry_ranged	infantry_matchlock	750	750	2	750	250	15	monk	placeholder	placeholder	Inf_Missile_Matchlock_Warrior_Monks		0	mp_gun	true	true	true	0	false	0	gun_infantry	false	special	SHO_Siege_3_Gunsmith	rel_ikko		true	unit_monk_matchlock	118	true	2	UK	0	false
Inf_Missile_Matchlock_Warrior_Monks_MP	Matchlock Warrior Monks	infantry_ranged	infantry_matchlock	700	700	1	750	250	15	monk	placeholder	placeholder	Inf_Missile_Matchlock_Warrior_Monks		0	mp_gun	true	true	true	0	false	1	gun_infantry	false	special		rel_buddhist		true	unit_monk_matchlock	119	true	2	UK	0	false
Inf_Missile_Matchlock_Warrior_Monks_Uesugi	Uesugi Matchlock Warrior Monks	infantry_ranged	infantry_matchlock	800	800	2	700	200	15	monk	placeholder	placeholder	Inf_Missile_Matchlock_Warrior_Monks		0	mp_gun	true	true	true	0	false	0	gun_infantry	false	special	SHO_Siege_3_Gunsmith	rel_buddhist		false	unit_monk_matchlock	120	true	2	UK	0	false
Inf_Missile_Portuguese_Tercos	Portuguese Tercos	infantry_ranged	infantry_matchlock	850	850	2	850	150	15	infantry_matchlock_samurai	placeholder	placeholder	Inf_Missile_Portuguese_Tercos		0	mp_gun	true	true	true	0	false	0	gun_infantry	false	samurai	SHO_Siege_2_Powder_Maker			true		1449	true	4	UK	0	false
Inf_Missile_Portuguese_Tercos_MP	Portuguese Tercos	infantry_ranged	infantry_matchlock	850	850	2	850	150	15	infantry_matchlock_samurai	placeholder	placeholder	Inf_Missile_Portuguese_Tercos		0	mp_gun	true	true	true	0	false	0	gun_infantry	false	samurai				true		1458	true	4	UK	0	false
Inf_Spear_Yari_Ashigaru	Yari Ashigaru	infantry_melee	infantry_spearman	350	350	1	250	75	15	infantry_generic	placeholder	placeholder	Inf_Spear_Yari_Ashigaru		0	mp_spear	true	true	true	0	false	0	spear_infantry	false	ashigaru				true	unit_ashigaru_yari	121	true	4	UK	0	false
Inf_Spear_Yari_Ashigaru_Citizenry	Yari Ashigaru Garrison	infantry_melee	infantry_spearman	350	350	1	250	0	15	infantry_generic	placeholder	placeholder	Inf_Spear_Yari_Ashigaru		0	mp_spear	false	false	false	0	true	0	spear_infantry	false	ashigaru				true		122	true	4	UK	0	false
Inf_Spear_Yari_Ashigaru_Hattori	Hattori Yari Ashigaru	infantry_melee	infantry_spearman	400	400	1	250	100	15	infantry_generic	placeholder	placeholder	Inf_Spear_Yari_Ashigaru		0	mp_spear	true	true	true	0	false	0	spear_infantry	false	ashigaru				true	unit_ashigaru_yari	123	true	4	UK	0	false
Inf_Spear_Yari_Ashigaru_Ikko_Ikki	Ikko Ikki Yari Ashigaru	infantry_melee	infantry_spearman	400	400	1	250	75	15	infantry_generic	placeholder	placeholder	Inf_Spear_Yari_Ashigaru		0	mp_spear	true	true	true	0	false	0	spear_infantry	false	ashigaru		rel_ikko		true	unit_ashigaru_yari	124	true	4	UK	0	false
Inf_Spear_Yari_Ashigaru_MP	Yari Ashigaru	infantry_melee	infantry_spearman	370	370	1	350	75	15	infantry_generic	placeholder	placeholder	Inf_Spear_Yari_Ashigaru		0	mp_spear	true	true	true	0	false	0	spear_infantry	false	ashigaru				true	unit_ashigaru_yari	125	true	4	UK	0	false
Inf_Spear_Yari_Ashigaru_Oda	Oda Yari Ashigaru	infantry_melee	infantry_spearman	400	400	1	200	50	15	infantry_generic	placeholder	placeholder	Inf_Spear_Yari_Ashigaru		0	mp_spear	true	true	true	0	false	0	spear_infantry	false	ashigaru				true	unit_ashigaru_yari	126	true	4	UK	0	false
Inf_Spear_Yari_Ashigaru_Tutorial	Yari Ashigaru	infantry_melee	infantry_spearman	350	350	1	250	75	15	infantry_generic	placeholder	placeholder	Inf_Spear_Yari_Ashigaru		3	mp_spear	false	false	false	0	false	0	spear_infantry	false	ashigaru				false	unit_ashigaru_yari	127	true	4	UK	0	false
Inf_Spear_Yari_Ashigaru_Tutorial_No_Cap	Yari Ashigaru	infantry_melee	infantry_spearman	350	350	1	250	75	15	infantry_generic	placeholder	placeholder	Inf_Spear_Yari_Ashigaru		0	mp_spear	false	false	false	0	false	0	spear_infantry	false	ashigaru				false	unit_ashigaru_yari	202	true	4	UK	0	false
Inf_Spear_Yari_Hero	Yari Hero	infantry_melee	infantry_spearman	1000	1000	3	1550	250	15	infantry_hero	placeholder	placeholder	Inf_Spear_Yari_Hero		1	mp_spear	true	true	true	0	false	1	spear_infantry	false	samurai				true	hero_yari	128	true	4	UK	0	false
Inf_Spear_Yari_Hero_MP	Yari Hero	infantry_melee	infantry_spearman	1000	1000	3	1200	250	15	infantry_hero	placeholder	placeholder	Inf_Spear_Yari_Hero		1	mp_spear	true	true	true	0	false	1	spear_infantry	false	samurai				true	hero_yari	129	true	4	UK	0	false
Inf_Spear_Yari_Ronin	Yari Ronin	infantry_melee	infantry_spearman	750	750	2	750	100	15	infantry_generic	placeholder	placeholder	Inf_Spear_Yari_Samurai		0	mp_spear	true	true	true	0	false	0	spear_infantry	false	samurai				true	unit_yari_ronin	130	true	4	UK	0	false
Inf_Spear_Yari_Samurai	Yari Samurai	infantry_melee	infantry_spearman	700	700	2	700	150	15	infantry_generic	placeholder	placeholder	Inf_Spear_Yari_Samurai		0	mp_spear	true	true	true	0	false	0	spear_infantry	false	samurai				true	unit_samurai_yari	131	true	4	UK	0	false
Inf_Spear_Yari_Samurai_Dojo	Yari Dojo Samurai	infantry_melee	infantry_spearman	700	700	1	700	0	15	infantry_generic	placeholder	placeholder	Inf_Spear_Yari_Samurai		1	mp_spear	false	false	false	0	true	0	spear_infantry	false	samurai				false		132	true	4	UK	0	false
Inf_Spear_Yari_Samurai_Hattori	Hattori Yari Samurai	infantry_melee	infantry_spearman	750	750	2	700	200	15	infantry_generic	placeholder	placeholder	Inf_Spear_Yari_Samurai		0	mp_spear	true	true	true	0	false	0	spear_infantry	false	samurai				true	unit_samurai_yari	133	true	4	UK	0	false
Inf_Spear_Yari_Samurai_MP	Yari Samurai	infantry_melee	infantry_spearman	650	650	1	700	150	15	infantry_generic	placeholder	placeholder	Inf_Spear_Yari_Samurai		0	mp_spear	true	true	true	0	false	0	spear_infantry	false	samurai				true	unit_samurai_yari	134	true	4	UK	0	false
Inf_Special_Fire_Bomb_Throwers	Fire Bomb Throwers	infantry_ranged	infantry_special	700	700	1	700	150	15	special	placeholder	placeholder	Inf_Special_Fire_Bomb_Throwers		0	mp_siege_and_stealth	true	true	true	0	false	0	bomb_infantry	false	special				true	unit_fire_bombers	135	true	3	UK	0	false
Inf_Special_Fire_Bomb_Throwers_Dojo	Dojo Fire Bomb Throwers	infantry_ranged	infantry_special	700	700	1	700	0	15	special	placeholder	placeholder	Inf_Special_Fire_Bomb_Throwers		1	mp_siege_and_stealth	false	false	false	0	true	0	bomb_infantry	false	special				false		136	true	3	UK	0	false
Inf_Special_Fire_Bomb_Throwers_Hojo	Hojo Fire Bomb Throwers	infantry_ranged	infantry_special	700	700	1	650	125	15	special	placeholder	placeholder	Inf_Special_Fire_Bomb_Throwers		0	mp_siege_and_stealth	true	true	true	0	false	0	bomb_infantry	false	special				true	unit_fire_bombers	205	true	3	UK	0	false
Inf_Special_Fire_Bomb_Throwers_MP	Fire Bomb Throwers	infantry_ranged	infantry_special	600	600	1	600	150	15	special	placeholder	placeholder	Inf_Special_Fire_Bomb_Throwers		0	mp_siege_and_stealth	true	true	true	0	false	0	bomb_infantry	false	special				true	unit_fire_bombers	137	true	3	UK	0	false
Inf_Special_Kisho_Ninjas	Kisho Ninja	infantry_melee	infantry_special	700	700	2	800	275	15	ninja	placeholder	placeholder	Inf_Special_Kisho_Ninjas		0	mp_siege_and_stealth	true	true	true	0	false	0	sword_infantry	false	special				true	unit_kisho_ninja	138	true	2	UK	0	false
Inf_Special_Kisho_Ninjas_Hattori	Hattori Kisho Ninja	infantry_melee	infantry_special	750	750	2	750	250	15	ninja	placeholder	placeholder	Inf_Special_Kisho_Ninjas		0	mp_siege_and_stealth	true	true	true	0	false	0	sword_infantry	false	special				true	unit_kisho_ninja	139	true	2	UK	0	false
Inf_Special_Kisho_Ninjas_MP	Kisho Ninja	infantry_melee	infantry_special	600	600	2	600	250	15	ninja	placeholder	placeholder	Inf_Special_Kisho_Ninjas		0	mp_siege_and_stealth	true	true	true	0	false	4	sword_infantry	false	special				true	unit_kisho_ninja	140	true	2	UK	0	false
Inf_Special_Kisho_Ninjas_Tokugawa	Tokugawa Kisho Ninja	infantry_melee	infantry_special	750	750	2	750	250	15	ninja	placeholder	placeholder	Inf_Special_Kisho_Ninjas		0	mp_siege_and_stealth	true	true	true	0	false	0	sword_infantry	false	special				true	unit_kisho_ninja	141	true	2	UK	0	false
Inf_Sword_Katana_Ashigaru	Ikko Ikki Loan Sword Ashigaru	infantry_melee	infantry_sword	400	400	1	400	50	15	infantry_generic	placeholder	placeholder	Inf_Sword_Katana_Ashigaru		0	mp_sword	true	true	true	0	false	0	sword_infantry	false	ashigaru		rel_ikko		true		142	true	4	UK	0	false
Inf_Sword_Katana_Ashigaru_MP	Loan Sword Ashigaru	infantry_melee	infantry_sword	500	500	1	500	50	15	infantry_generic	placeholder	placeholder	Inf_Sword_Katana_Ashigaru		0	mp_sword	true	true	true	0	false	4	sword_infantry	false	ashigaru				true		143	true	4	UK	0	false
Inf_Sword_Katana_Hero	Katana Hero	infantry_melee	infantry_sword	1300	1300	3	1600	250	15	infantry_hero	placeholder	placeholder	Inf_Sword_Katana_Hero		1	mp_sword	true	true	true	0	false	1	sword_infantry	false	samurai				true	hero_katana	144	true	4	UK	0	false
Inf_Sword_Katana_Hero_MP	Katana Hero	infantry_melee	infantry_sword	1300	1300	3	1500	250	15	infantry_hero	placeholder	placeholder	Inf_Sword_Katana_Hero		1	mp_sword	true	true	true	0	false	1	sword_infantry	false	samurai				true	hero_katana	145	true	4	UK	0	false
Inf_Sword_Katana_Hero_Shimazu	Shimazu Katana Hero	infantry_melee	infantry_sword	1400	1400	3	1500	200	15	infantry_hero	placeholder	placeholder	Inf_Sword_Katana_Hero		1	mp_sword	true	true	true	0	false	1	sword_infantry	false	samurai				true	hero_katana	146	true	4	UK	0	false
Inf_Sword_Katana_Ronin	Katana Ronin	infantry_melee	infantry_sword	800	800	2	800	150	15	infantry_generic	placeholder	placeholder	Inf_Sword_Katana_Samurai		0	mp_sword	true	true	true	0	false	0	sword_infantry	false	samurai				true	unit_katana_ronin	147	true	4	UK	0	false
Inf_Sword_Katana_Samurai	Katana Samurai	infantry_melee	infantry_sword	750	750	2	750	150	15	infantry_generic	placeholder	placeholder	Inf_Sword_Katana_Samurai		0	mp_sword	true	true	true	0	false	0	sword_infantry	false	samurai				true	unit_samurai_katana	148	true	4	UK	0	false
Inf_Sword_Katana_Samurai_Dojo	Katana Dojo Samurai	infantry_melee	infantry_sword	750	750	1	750	0	15	infantry_generic	placeholder	placeholder	Inf_Sword_Katana_Samurai		1	mp_sword	false	false	false	0	true	0	sword_infantry	false	samurai				false		149	true	4	UK	0	false
Inf_Sword_Katana_Samurai_Hattori	Hattori Katana Samurai	infantry_melee	infantry_sword	800	800	2	750	200	15	infantry_generic	placeholder	placeholder	Inf_Sword_Katana_Samurai		0	mp_sword	true	true	true	0	false	0	sword_infantry	false	samurai				true	unit_samurai_katana	150	true	4	UK	0	false
Inf_Sword_Katana_Samurai_MP	Katana Samurai	infantry_melee	infantry_sword	750	750	2	750	150	15	infantry_generic	placeholder	placeholder	Inf_Sword_Katana_Samurai		0	mp_sword	true	true	true	0	false	0	sword_infantry	false	samurai				true	unit_samurai_katana	151	true	4	UK	0	false
Inf_Sword_Katana_Samurai_Shimazu	Shimazu Katana Samurai	infantry_melee	infantry_sword	800	800	2	650	125	15	infantry_generic	placeholder	placeholder	Inf_Sword_Katana_Samurai		0	mp_sword	true	true	true	0	false	0	sword_infantry	false	samurai				true	unit_samurai_katana	152	true	4	UK	0	false
Inf_Sword_Katana_Wako	Katana Wako	infantry_melee	infantry_sword	500	500	1	500	125	15	infantry_generic	placeholder	placeholder	Inf_Sword_Katana_Wako		0	mp_sword	true	true	true	0	false	0	sword_infantry	false	samurai				false		153	true	4	UK	0	false
Inf_Sword_Nodachi_Samurai	No-Dachi Samurai	infantry_melee	infantry_sword	800	800	2	800	150	15	infantry_generic	placeholder	placeholder	Inf_Sword_Nodachi_Samurai		0	mp_sword	true	true	true	0	false	0	sword_infantry	false	samurai				true	unit_samurai_nodachi	154	true	4	UK	0	false
Inf_Sword_Nodachi_Samurai_Date	Date No-Dachi Samurai	infantry_melee	infantry_sword	850	850	2	700	125	15	infantry_generic	placeholder	placeholder	Inf_Sword_Nodachi_Samurai		0	mp_sword	true	true	true	0	false	0	sword_infantry	false	samurai				true	unit_samurai_nodachi	155	true	4	UK	0	false
Inf_Sword_Nodachi_Samurai_Hattori	Hattori No-Dachi Samurai	infantry_melee	infantry_sword	850	850	2	800	200	15	infantry_generic	placeholder	placeholder	Inf_Sword_Nodachi_Samurai		0	mp_sword	true	true	true	0	false	0	sword_infantry	false	samurai				true	unit_samurai_nodachi	156	true	4	UK	0	false
Inf_Sword_Nodachi_Samurai_MP	No-Dachi Samurai	infantry_melee	infantry_sword	850	850	1	800	150	15	infantry_generic	placeholder	placeholder	Inf_Sword_Nodachi_Samurai		0	mp_sword	true	true	true	0	false	0	sword_infantry	false	samurai				true	unit_samurai_nodachi	157	true	4	UK	0	false
Inf_Sword_Samurai_Retainers	Samurai Retainers	infantry_melee	infantry_sword	0	0	1	0	0	15	infantry_generic	placeholder	placeholder	Inf_Sword_Samurai_Retainers		0	mp_sword	false	false	false	0	true	0	sword_infantry	false	samurai				true		158	true	4	UK	0	false
Light_Ship_Bow_Kobaya	Bow Kobaya	naval_light	naval_light_ship	850	850	1	150	50	50	ship	2deck50	2deck50	Light_Ship_Bow_Ship		0	mp_naval_light	true	true	true	0	false	0	bow_infantry	false	naval				true	ship_light_bow	159	true	3	UK	0	false
Light_Ship_Bow_Kobaya_MP	Bow Kobaya	naval_light	naval_light_ship	500	500	1	500	50	50	ship	2deck50	2deck50	Light_Ship_Bow_Ship		0	mp_naval_light	true	true	true	0	false	6	bow_infantry	false	naval				true	ship_light_bow	161	true	3	UK	0	false
Light_Ship_Bow_Kobaya_Mori	Mori Bow Kobaya	naval_light	naval_light_ship	950	950	1	100	50	50	ship	2deck50	2deck50	Light_Ship_Bow_Ship		0	mp_naval_light	true	true	true	0	false	0	bow_infantry	false	naval				true	ship_light_bow	160	true	3	UK	0	false
Light_Ship_Fire_Bomb_Kobaya	Fire Bomb Kobaya	naval_light	naval_light_ship	1050	1050	1	250	100	50	ship	2deck50	2deck50	Light_Ship_Fire_Bomb_Ship		4	mp_naval_light	true	true	true	0	false	4	bomb_infantry	false	naval				true	ship_light_firebomb	162	true	3	UK	0	false
Light_Ship_Fire_Bomb_Kobaya_MP	Fire Bomb Kobaya	naval_light	naval_light_ship	700	700	1	700	100	50	ship	2deck50	2deck50	Light_Ship_Fire_Bomb_Ship		4	mp_naval_light	true	true	true	0	false	4	bomb_infantry	false	naval				true	ship_light_firebomb	164	true	3	UK	0	false
Light_Ship_Fire_Bomb_Kobaya_Mori	Mori Fire Bomb Kobaya	naval_light	naval_light_ship	1050	1050	1	200	50	50	ship	2deck50	2deck50	Light_Ship_Fire_Bomb_Ship		4	mp_naval_light	true	true	true	0	false	4	bomb_infantry	false	naval				true	ship_light_firebomb	163	true	3	UK	0	false
Light_Ship_Matchlock_Kobaya	Matchlock Kobaya	naval_light	naval_light_ship	950	950	1	200	100	50	ship	2deck50	2deck50	Light_Ship_Matchlock_Ship		0	mp_naval_light	true	true	true	0	false	0	gun_infantry	false	naval				true	ship_light_matchlock	165	true	3	UK	0	false
Light_Ship_Matchlock_Kobaya_MP	Matchlock Kobaya	naval_light	naval_light_ship	950	950	1	950	100	50	ship	2deck50	2deck50	Light_Ship_Matchlock_Ship		0	mp_naval_light	true	true	true	0	false	6	gun_infantry	false	naval				true	ship_light_matchlock	167	true	3	UK	0	false
Light_Ship_Matchlock_Kobaya_Mori	Mori Matchlock Kobaya	naval_light	naval_light_ship	1050	1050	1	150	50	50	ship	2deck50	2deck50	Light_Ship_Matchlock_Ship		0	mp_naval_light	true	true	true	0	false	0	gun_infantry	false	naval				true	ship_light_matchlock	166	true	3	UK	0	false
Light_Ship_Matchlock_Kobaya_Otomo	Otomo Matchlock Kobaya	naval_light	naval_light_ship	950	950	1	150	100	50	ship	2deck50	2deck50	Light_Ship_Matchlock_Kobaya_Otomo		0	mp_naval_light	true	true	true	0	false	0	gun_infantry	false	naval				true	ship_light_matchlock	1425	true	3	UK	0	false
Light_Ship_Siege_Tower_Bune	Siege Tower Bune	naval_medium	naval_medium_ship	2000	2000	1	200	100	50	ship	2deck50	2deck50	Light_Ship_Siege_Tower_Ship		0	mp_naval_medium	true	true	true	0	false	0	gun_infantry	false	naval				true	ship_medium_siege	168	true	3	UK	0	false
Light_Ship_Siege_Tower_Bune_MP	Siege Tower Bune	naval_medium	naval_medium_ship	3000	3000	1	3000	100	50	ship	2deck50	2deck50	Light_Ship_Siege_Tower_Ship		0	mp_naval_medium	true	true	true	0	false	4	gun_infantry	false	naval				true	ship_medium_siege	170	true	3	UK	0	false
Light_Ship_Siege_Tower_Bune_Mori	Mori Siege Tower Bune	naval_medium	naval_medium_ship	2000	2000	1	150	50	50	ship	2deck50	2deck50	Light_Ship_Siege_Tower_Ship		0	mp_naval_medium	true	true	true	0	false	0	gun_infantry	false	naval				true	ship_medium_siege	169	true	3	UK	0	false
Medium_Ship_Medium_Bune	Medium Bune	naval_medium	naval_medium_ship	1550	1550	2	350	85	50	ship	2deck50	2deck50	Medium_Ship_Medium_Bune		0	mp_naval_medium	true	true	true	0	false	0	bow_sword	false	naval				true	ship_medium_medium	171	true	3	UK	0	false
Medium_Ship_Medium_Bune_MP	Medium Bune	naval_medium	naval_medium_ship	1550	1550	1	1550	85	50	ship	2deck50	2deck50	Medium_Ship_Medium_Bune		0	mp_naval_medium	true	true	true	0	false	6	bow_sword	false	naval				true	ship_medium_medium	173	true	3	UK	0	false
Medium_Ship_Medium_Bune_Mori	Mori Medium Bune	naval_medium	naval_medium_ship	1650	1650	2	300	75	50	ship	2deck50	2deck50	Medium_Ship_Medium_Bune		0	mp_naval_medium	true	true	true	0	false	0	bow_sword	false	naval				true	ship_medium_medium	172	true	3	UK	0	false
Medium_Ship_Sengoku_Bune	Sengoku Bune	naval_medium	naval_medium_ship	1800	1800	2	400	125	50	ship	2deck50	2deck50	Medium_Ship_Sengoku_Bune		0	mp_naval_medium	true	true	true	0	false	0	bow_sword	false	naval				true	ship_medium_sengoku	174	true	3	UK	0	false
Medium_Ship_Sengoku_Bune_MP	Sengoku Bune	naval_medium	naval_medium_ship	1800	1800	1	1800	125	50	ship	2deck50	2deck50	Medium_Ship_Sengoku_Bune		0	mp_naval_medium	true	true	true	0	false	6	bow_sword	false	naval				true	ship_medium_sengoku	176	true	3	UK	0	false
Medium_Ship_Sengoku_Bune_Mori	Mori Sengoku Bune	naval_medium	naval_medium_ship	1900	1900	2	350	75	50	ship	2deck50	2deck50	Medium_Ship_Sengoku_Bune		0	mp_naval_medium	true	true	true	0	false	0	bow_sword	false	naval				true	ship_medium_sengoku	175	true	3	UK	0	false
Medium_Ship_Wako_Medium_Bune	Wako Medium Bune	naval_medium	naval_medium_ship	1800	1800	1	350	100	50	ship	2deck50	2deck50	Medium_Ship_Wako_Medium_Bune		0	mp_naval_medium	true	true	true	0	false	0	bow_sword	false	naval				true		177	true	3	UK	0	false
Sh_Cav_Missile_Bow_Cavalry_Hero	Yoritomos Yabusame Cavalry	cavalry	cavalry_missile	1300	1300	2	1250	200	20	cavalry	placeholder_cavalry	placeholder_cavalry	Sh_Cav_Bow_Cavalry_Hero		1	mp_cavalry	true	true	true	0	false	1	bow_cavalry	false	samurai	SHO_Archery_1_Archery_Dojo		res_sho_horses	true		1327	true	4	UK	0	false
Sh_Cav_Missile_Bow_Cavalry_Hero_MP	Yoritomos Yabusame Cavalry	cavalry	cavalry_missile	1300	1300	2	1250	200	20	cavalry	placeholder_cavalry	placeholder_cavalry	Sh_Cav_Bow_Cavalry_Hero		1	mp_cavalry	true	true	true	0	false	1	bow_cavalry	false	samurai			res_sho_horses	true		1329	true	4	UK	0	false
Sh_Cav_Spear_Yari_Cavalry_Hero	The Spears of Shizugatake	cavalry	cavalry_lancers	1500	1500	2	1300	200	20	cavalry	placeholder_cavalry	placeholder_cavalry	Sh_Cav_Yari_Cavalry_Hero		1	mp_cavalry	true	true	true	0	false	1	spear_cavalry	false	samurai	SHO_Yari_1_Drill_Yard		res_sho_horses	true		1344	true	4	UK	0	false
Sh_Cav_Spear_Yari_Cavalry_Hero_MP	The Spears of Shizugatake	cavalry	cavalry_lancers	1500	1500	2	1300	200	20	cavalry	placeholder_cavalry	placeholder_cavalry	Sh_Cav_Yari_Cavalry_Hero		1	mp_cavalry	true	true	true	0	false	1	spear_cavalry	false	samurai			res_sho_horses	true		1349	true	4	UK	0	false
Sh_Cav_Sword_Katana_Cavalry_Hero	Kiyomasas Katana Cavalry	cavalry	cavalry_sword	1400	1400	2	1450	200	20	cavalry	placeholder_cavalry	placeholder_cavalry	Sh_Cav_Kat_Cavalry_Hero		1	mp_cavalry	true	true	true	0	false	1	sword_cavalry	false	samurai	SHO_Sword_1_Sword_School		res_sho_horses	true		1334	true	4	UK	0	false
Sh_Cav_Sword_Katana_Cavalry_Hero_MP	Kiyomasas Katana Cavalry	cavalry	cavalry_sword	1400	1400	2	1450	200	20	cavalry	placeholder_cavalry	placeholder_cavalry	Sh_Cav_Kat_Cavalry_Hero		1	mp_cavalry	true	true	true	0	false	1	sword_cavalry	false	samurai			res_sho_horses	true		1338	true	4	UK	0	false
Sh_Inf_Heavy_Naginata_Hero	Benkei's Blades	infantry_melee	infantry_heavy	1100	1100	2	1250	200	15	infantry_naginata_samurai	placeholder	placeholder	Sh_Inf_Naginata_Hero		1	mp_spear	true	true	true	0	false	1	spear_infantry	false	samurai				true		1364	true	4	UK	0	false
Sh_Inf_Heavy_Naginata_Hero_MP	Benkei's Blades	infantry_melee	infantry_heavy	1100	1100	2	1250	200	15	warrior_nuns	placeholder	placeholder	Sh_Inf_Naginata_Hero		1	mp_spear	true	true	true	0	false	1	spear_infantry	false	samurai				true		1365	true	4	UK	0	false
Sh_Inf_Heavy_Naginata_Heroine	Gozen's Hime Heroines	infantry_melee	infantry_heavy	1200	1200	2	1250	200	15	warrior_nuns	placeholder	placeholder	Sh_Inf_Naginata_Heroine		1	mp_spear	true	true	true	0	false	1	spear_infantry	false	samurai				true		1369	false	4	UK	0	false
Sh_Inf_Heavy_Naginata_Heroine_MP	Gozen's Hime Heroines	infantry_melee	infantry_heavy	1200	1200	2	1250	200	15	warrior_nuns	placeholder	placeholder	Sh_Inf_Naginata_Heroine		1	mp_spear	true	true	true	0	false	1	spear_infantry	false	samurai				true		1370	false	4	UK	0	false
Sh_Inf_Heavy_Tetsubo_Hero	Tadakatsu's Tetsubo Warriors	infantry_melee	infantry_heavy	1300	1300	2	1100	200	15	monk	placeholder_cavalry	placeholder	Sh_Inf_Tetsubo_Hero		1	mp_sword	true	true	true	0	false	1	sword_infantry	false	samurai	SHO_Yari_1_Drill_Yard			true		1403	true	2	UK	0	false
Sh_Inf_Heavy_Tetsubo_Hero_MP	Tadakatsu's Tetsubo Warriors	infantry_melee	infantry_heavy	1300	1300	2	1100	200	15	monk	placeholder_cavalry	placeholder	Sh_Inf_Tetsubo_Hero		1	mp_sword	true	true	true	0	false	1	sword_infantry	false	samurai				true		1404	true	2	UK	0	false
Sh_Inf_Missile_Matchlock_Hero	Tokitakas Tanegashima	infantry_ranged	infantry_matchlock	900	900	2	1200	150	15	infantry_matchlock_samurai	placeholder	placeholder	Sh_Inf_Matchlock_Hero		1	mp_gun	true	true	true	0	false	1	gun_infantry	false	samurai				true		1354	true	4	UK	0	false
Sh_Inf_Missile_Matchlock_Hero_MP	Tokitakas Tanegashima	infantry_ranged	infantry_matchlock	900	900	2	1200	150	15	infantry_matchlock_samurai	placeholder	placeholder	Sh_Inf_Matchlock_Hero		1	mp_gun	true	true	true	0	false	1	gun_infantry	false	samurai				true		1359	true	4	UK	0	false
Sh_Inf_Special_Kisho_Ninja_Hero	Hanzo's Shadows	infantry_melee	infantry_special	1800	1800	2	1300	275	15	ninja	placeholder	placeholder	Sh_Inf_Ninja_Hero		1	mp_siege_and_stealth	true	true	true	0	false	1	sword_infantry	false	special				true		1374	true	2	UK	0	false
Sh_Inf_Special_Kisho_Ninja_Hero_MP	Hanzo's Shadows	infantry_melee	infantry_special	1800	1800	2	1300	275	15	ninja	placeholder	placeholder	Sh_Inf_Ninja_Hero		1	mp_siege_and_stealth	true	true	true	0	false	1	sword_infantry	false	special				true		1379	true	2	UK	0	false
Sh_Inf_Sword_Nodachi_Hero	Seigen's Swordmasters	infantry_melee	infantry_sword	1200	1200	2	1300	150	15	infantry_generic	placeholder	placeholder	Sh_Inf_Nodachi_Hero		1	mp_sword	true	true	true	0	false	1	sword_infantry	false	samurai				true		1387	true	4	UK	0	false
Sh_Inf_Sword_Nodachi_Hero_MP	Seigen's Swordmasters	infantry_melee	infantry_sword	1200	1200	2	1300	150	15	infantry_generic	placeholder	placeholder	Sh_Inf_Nodachi_Hero		1	mp_sword	true	true	true	0	false	1	sword_infantry	false	samurai				true		1395	true	4	UK	0	false
Shogun_Infantry	Shogun Infantry	infantry	infantry_spearman	10	10	0	0	0	0	ship	placeholder	placeholder	Inf_Sword_Nodachi_Samurai		0	mp_sword	false	false	false	0	false	0	melee_infantry	false	samurai				false		178	true	4	UK	0	false
Trade_Ship_Red_Seal_Ship	Red Seal Ship	naval_merchant	naval_trade_ship	300	300	2	300	50	55	ship	2deck50	2deck50	Trade_Ship_Red_Seal_Ship		0	mp_naval_medium	false	false	false	0	false	0	sword_infantry	false	naval	SHO_Region_Specialty_Naval_3_Red_Seal_Company			true	ship_merchant_redseal	187	true	3	UK	0	false
Trade_Ship_Trade_Ship	Trade Ship	naval_merchant	naval_trade_ship	100	100	1	100	50	50	ship	2deck50	2deck50	Trade_Ship_Trade_Ship		0	mp_naval_light	false	false	false	0	false	0	sword_infantry	false	naval				true	ship_merchant_trade	188	true	3	UK	0	false
Trade_Ship_Wako_Trade_Ship	Wako Trade Ship	naval_merchant	naval_trade_ship	400	400	1	100	50	50	ship	2deck50	2deck50	Trade_Ship_Wako_Trade_Ship		0	mp_naval_light	false	false	false	0	false	0	sword_infantry	false	naval				true		189	true	3	UK	0	false
UP1_Art_Hand_Mortar_Hojo	Hojo Hand Mortars	infantry_ranged	siege	1900	1900	2	850	125	12	special	placeholder_artillery	placeholder	Art_Hand_Mortars		0	mp_siege_and_stealth	true	true	true	0	false	0	siege	false	special	SHO_Buff_2_Armoury			true		445	true	4	UK	0	false
UP1_Art_Hand_Mortar_MP	Hand Mortars	infantry_ranged	siege	1900	1900	2	1900	125	12	special	placeholder_artillery	placeholder	Art_Hand_Mortars		0	mp_siege_and_stealth	true	true	true	0	false	0	siege	false	special				true		442	true	4	UK	0	false
UP1_Cav_Missile_Mounted_Gunners_MP	Mounted Gunners	cavalry	cavalry_missile	800	800	2	800	200	20	cavalry	placeholder_cavalry	placeholder_cavalry	Cav_Missile_Matchlock_Mounted_Gunner		0	mp_cavalry	true	true	true	0	false	0	bow_cavalry	false	samurai			res_sho_horses	true		408	true	4	UK	0	false
UP1_Cav_Missile_Mounted_Gunners_Tokugawa	Tokugawa Mounted Gunners	cavalry	cavalry_missile	800	800	2	700	200	20	cavalry	placeholder_cavalry	placeholder_cavalry	Cav_Missile_Matchlock_Mounted_Gunner		0	mp_cavalry	true	true	true	0	false	0	bow_cavalry	false	samurai	SHO_Siege_3_Gunsmith		res_sho_horses	true		414	true	4	UK	0	false
UP1_Cav_Spear_Fire_Cavalry_MP	Fire Cavalry	cavalry	cavalry_lancers	1000	1000	2	1000	200	20	cavalry	placeholder_cavalry	placeholder_cavalry	Cav_Spear_Fire_Cavalry		0	mp_cavalry	true	true	true	0	false	0	spear_cavalry	false	samurai			res_sho_horses	true		379	true	4	UK	0	false
UP1_Cav_Spear_Fire_Cavalry_Takeda	Takeda Fire Cavalry	cavalry	cavalry_lancers	1000	1000	2	900	200	20	cavalry	placeholder_cavalry	placeholder_cavalry	Cav_Spear_Fire_Cavalry		0	mp_cavalry	true	true	true	0	false	0	spear_cavalry	false	samurai	SHO_Buff_2_Proving_Grounds		res_sho_horses	true		381	true	4	UK	0	false
UP1_Inf_Heavy_Marathon_Monks_Ikko_Ikki	Ikko Ikki Marathon Monks	infantry_melee	infantry_heavy	1000	1000	2	950	175	15	monk	placeholder	placeholder	Inf_Heavy_Naginata_Marathon_Monks		0	mp_spear	true	true	true	0	false	0	spear_infantry	false	special	SHO_Buff_2_Proving_Grounds	rel_ikko		true		462	true	2	UK	0	false
UP1_Inf_Heavy_Marathon_Monks_MP	Marathon Monks	infantry_melee	infantry_heavy	1250	1250	2	1250	175	15	monk	placeholder	placeholder	Inf_Heavy_Naginata_Marathon_Monks		0	mp_spear	true	true	true	0	false	0	spear_infantry	false	special		rel_buddhist		true		453	true	2	UK	0	false
UP1_Inf_Heavy_Marathon_Monks_Uesugi	Uesugi Marathon Monks	infantry_melee	infantry_heavy	1000	1000	2	950	175	15	monk	placeholder	placeholder	Inf_Heavy_Naginata_Marathon_Monks		0	mp_spear	true	true	true	0	false	0	spear_infantry	false	special	SHO_Buff_2_Proving_Grounds	rel_buddhist		true		461	true	2	UK	0	false
UP1_Inf_Missile_Bandits_Hattori	Hattori Bandits	infantry_ranged	infantry_bow	550	550	1	400	100	15	infantry_bow_ashigaru	placeholder	placeholder	Inf_Missile_Bow_Bandits		0	mp_bow	true	true	true	0	false	0	bow_infantry	false	ashigaru	SHO_Stealth_3_Criminal_Syndicate			true		399	true	4	UK	0	false
UP1_Inf_Missile_Bandits_MP	Bandits	infantry_ranged	infantry_bow	550	550	1	550	100	15	infantry_bow_ashigaru	placeholder	placeholder	Inf_Missile_Bow_Bandits		0	mp_bow	true	true	true	0	false	0	bow_infantry	false	ashigaru				true		397	true	4	UK	0	false
UP1_Inf_Missile_Daikyu_Samurai_Chosokabe	Chosokabe Daikyu Samurai	infantry_ranged	infantry_bow	1000	1000	2	700	150	15	infantry_bow_samurai	placeholder	placeholder	Inf_Missile_Daikyu_Samurai		0	mp_bow	true	true	true	0	false	0	bow_infantry	false	samurai	SHO_Buff_2_Hunting_Lodge			true		375	true	4	UK	0	false
UP1_Inf_Missile_Daikyu_Samurai_MP	Daikyu Samurai	infantry_ranged	infantry_bow	1100	1100	2	1100	150	15	infantry_bow_samurai	placeholder	placeholder	Inf_Missile_Daikyu_Samurai		0	mp_bow	true	true	true	0	false	0	bow_infantry	false	samurai				true		373	true	4	UK	0	false
UP1_Inf_Missile_Heavy_Gunner_MP	Heavy Gunners	infantry_ranged	infantry_matchlock	1100	1100	2	1100	200	15	infantry_generic	placeholder	placeholder	Inf_Missile_Heavy_Gunners		0	mp_gun	true	true	true	0	false	0	gun_infantry	false	samurai				true		426	true	4	UK	0	false
UP1_Inf_Missile_Heavy_Gunner_Shimazu	Shimazu Heavy Gunners	infantry_ranged	infantry_matchlock	1100	1100	2	1100	200	15	infantry_generic	placeholder	placeholder	Inf_Missile_Heavy_Gunners		0	mp_gun	true	true	true	0	false	0	gun_infantry	false	samurai	SHO_Buff_2_Armoury			true		435	true	4	UK	0	false
UP1_Inf_Spear_Long_Yari_Ashigaru_MP	Long Yari Ashigaru	infantry_melee	infantry_spearman	520	520	1	500	100	15	infantry_generic	placeholder	placeholder	Inf_Spear_Extra_Long_Yari_Ashigaru		0	mp_spear	true	true	true	0	false	0	spear_infantry	false	ashigaru				true		391	true	4	UK	0	false
UP1_Inf_Spear_Long_Yari_Ashigaru_Oda	Oda Long Yari Ashigaru	infantry_melee	infantry_spearman	500	500	1	400	100	15	infantry_generic	placeholder	placeholder	Inf_Spear_Extra_Long_Yari_Ashigaru		0	mp_spear	true	true	true	0	false	0	spear_infantry	false	ashigaru	SHO_Buff_1_Encampment			true		393	true	4	UK	0	false
UP1_Inf_Spear_Yari_Bulletproof_Samurai_Date	Date Bulletproof Samurai	infantry_melee	infantry_spearman	1000	1000	2	900	200	15	infantry_generic	placeholder	placeholder	Inf_Spear_Bulletproof_Samurai		4	mp_spear	true	true	true	0	false	4	spear_infantry	false	samurai	SHO_Buff_2_Armoury			true		481	true	4	UK	0	false
UP1_Inf_Spear_Yari_Bulletproof_Samurai_MP	Bulletproof Samurai	infantry_melee	infantry_spearman	900	900	2	1000	200	15	infantry_generic	placeholder	placeholder	Inf_Spear_Bulletproof_Samurai		4	mp_spear	true	true	true	0	false	0	spear_infantry	false	samurai				true		472	true	4	UK	0	false
UP1_Inf_Sword_Wako_Raiders_MP	Wako Raiders	infantry_melee	infantry_sword	550	550	1	400	100	15	infantry_generic	placeholder	placeholder	Inf_Sword_Wako_Raiders		0	mp_sword	true	true	true	0	false	0	sword_infantry	false	ashigaru				true		415	true	4	UK	0	false
UP1_Inf_Sword_Wako_Raiders_Mori	Mori Wako Raiders	infantry_melee	infantry_sword	500	500	1	400	100	15	infantry_generic	placeholder	placeholder	Inf_Sword_Wako_Raiders		0	mp_sword	true	true	true	0	false	0	sword_infantry	false	ashigaru	SHO_Port_3_Military_Port			true		417	true	4	UK	0	false
